{
  "19951126": {
    "train_loss": [
      0.49764979576762663,
      0.011877040778615212,
      0.006217392561458317,
      0.01479826821079249,
      0.0067321942055968975,
      0.007678994397065253,
      0.01407681769316176,
      0.005923607854388787
    ],
    "test_loss": [
      0.013374279814161127,
      0.005053589593687017,
      0.007626505060276637,
      0.012415125778049211,
      0.0365274049846145,
      0.009627397301179978,
      0.044059460726566614,
      0.007077358205666921
    ],
    "train_acc": [
      0.8621,
      0.8864,
      0.9016,
      0.8927,
      0.8976,
      0.8945,
      0.8928,
      0.8939
    ],
    "test_acc": [
      0.9108,
      0.8988,
      0.8863,
      0.9111,
      0.8623,
      0.8605,
      0.867,
      0.8659
    ],
    "train_recall": [
      0.8619,
      0.8864,
      0.9017,
      0.8926,
      0.8977,
      0.8945,
      0.8928,
      0.8941
    ],
    "test_recall": [],
    "train_precision": [
      0.8621,
      0.8864,
      0.9017,
      0.8929,
      0.8978,
      0.8946,
      0.8929,
      0.8942
    ],
    "test_precision": [],
    "train_f1": [
      0.8619,
      0.8864,
      0.9016,
      0.8927,
      0.8976,
      0.8945,
      0.8928,
      0.8939
    ],
    "test_f1": [
      0.7765,
      0.7622,
      0.7467,
      0.7778,
      0.7185,
      0.7167,
      0.7235,
      0.7226
    ],
    "best_train_f1": 0.9016318913954344,
    "best_test_f1": 0.7778277009717746
  }
}