{"0": {"train_loss": [0.24148744358701932, 0.013254227222231359, 0.009794725594578528, 0.006518200465247251, 0.008082056799919104, 0.0075255027396191766, 0.004755510553513887, 0.014468558628907755, 0.004533322798592313, 0.005591456455346945, 0.0050873271113232475], "test_loss": [0.0521697126639386, 0.017271703020863546, 0.009746916295716801, 0.008445606372212448, 0.004830670413502958, 0.043509478172442564, 0.004181524631985667, 0.006439681890575836, 0.006608942222374026, 0.006095837616976496, 0.007903940261167008], "train_acc": [0.8688, 0.8841, 0.887, 0.8953, 0.8949, 0.8947, 0.9027, 0.8973, 0.9058, 0.8976, 0.9011], "test_acc": [0.832, 0.8902, 0.915, 0.9009, 0.8902, 0.8581, 0.9249, 0.8889, 0.8714, 0.9181, 0.8772], "train_recall": [0.8688, 0.8841, 0.887, 0.8954, 0.895, 0.8947, 0.9029, 0.8973, 0.9057, 0.8977, 0.9011], "test_recall": [], "train_precision": [0.8688, 0.8841, 0.887, 0.8953, 0.8951, 0.8949, 0.9031, 0.8973, 0.9065, 0.8976, 0.9017], "test_precision": [], "train_f1": [0.8688, 0.8841, 0.887, 0.8953, 0.8949, 0.8947, 0.9027, 0.8973, 0.9057, 0.8976, 0.901], "test_f1": [0.6853, 0.7522, 0.7834, 0.7635, 0.7509, 0.7143, 0.7882, 0.7504, 0.7282, 0.7856, 0.7357], "best_train_f1": 0.9057212898675313, "best_test_f1": 0.7881912607257484}}