{
  "19951126": {
    "train_loss": [
      2.199146877332578,
      0.3862772185492044,
      0.1402172414766875,
      0.03168870610653764,
      0.019362428235024237,
      0.030578727224119185,
      0.005509551914873877,
      0.004230230621688096
    ],
    "test_loss": [
      0.9337909477058859,
      0.7607896509002482,
      0.5190238621861984,
      0.436839184971966,
      0.7004095232997618,
      0.31330383550855434,
      0.3743793161301623,
      0.3696182078952625
    ],
    "train_acc": [
      0.904,
      0.9655,
      0.9769,
      0.9871,
      0.9895,
      0.9896,
      0.9945,
      0.994
    ],
    "test_acc": [
      0.9601,
      0.9564,
      0.9611,
      0.9635,
      0.9617,
      0.9664,
      0.964,
      0.9645
    ],
    "train_recall": [
      0.904,
      0.9654,
      0.9769,
      0.9871,
      0.9895,
      0.9896,
      0.9946,
      0.994
    ],
    "test_recall": [],
    "train_precision": [
      0.904,
      0.9655,
      0.9768,
      0.9872,
      0.9895,
      0.9896,
      0.9945,
      0.994
    ],
    "test_precision": [],
    "train_f1": [
      0.904,
      0.9655,
      0.9769,
      0.9871,
      0.9895,
      0.9896,
      0.9945,
      0.994
    ],
    "test_f1": [
      0.8656,
      0.8728,
      0.8842,
      0.8876,
      0.8623,
      0.8866,
      0.8775,
      0.877
    ],
    "best_train_f1": 0.9945200343328874,
    "best_test_f1": 0.8876379092060047
  }
}